PO.No.,Part figure,process,set,ma
250959894,DIE PART (FG),SS,0,0
250959894,DIE PART (FG),T2,0,0
250959894,DIE PART (FG),H1,0,0
250959894,DIE PART (FG),GS,0,0
250959894,DIE PART (FG),M2,0,0
250959894,DIE PART (FG),LAP,0,0
250959894,DIE PART (FG),T3,0,0
250959894,DIE PART (FG),XX,0,0
250959894,DIE PART (FG),0001,0,0
250957003,DIE PART(FG),SZ,0,0
250957003,DIE PART(FG),T2,0,0
250957003,DIE PART(FG),6F,0,0
250957003,DIE PART(FG),WC,0,0
250957003,DIE PART(FG),M2,0,0
250957003,DIE PART(FG),M2,0,0
250957003,DIE PART(FG),T3,0,0
250957003,DIE PART(FG),XX,0,0
250957003,DIE PART(FG),0002,0,0
250957016,DIE PART(FG),SZ,0,0
250957016,DIE PART(FG),T2,0,0
250957016,DIE PART(FG),6F,0,0
250957016,DIE PART(FG),WC,0,0
250957016,DIE PART(FG),M2,0,0
250957016,DIE PART(FG),M2,0,0
250957016,DIE PART(FG),T3,0,0
250957016,DIE PART(FG),XX,0,0
250957016,DIE PART(FG),0003,0,0
250956998,DIE PART(FG),SZ,0,0
250956998,DIE PART(FG),T2,0,0
250956998,DIE PART(FG),6F,0,0
250956998,DIE PART(FG),M2,0,0
250956998,DIE PART(FG),WC,0,0
250956998,DIE PART(FG),M2,0,0
250956998,DIE PART(FG),T3,0,0
250956998,DIE PART(FG),XX,0,0
250956998,DIE PART(FG),0004,0,0
250958425,DIE PART (FG),SS,0,0
250958425,DIE PART (FG),T2,0,0
250958425,DIE PART (FG),GD,0,0
250958425,DIE PART (FG),M1,0,0
250958425,DIE PART (FG),WG,0,0
250958425,DIE PART (FG),WG,0,0
250958425,DIE PART (FG),WC,0,0
250958425,DIE PART (FG),WG,0,0
250958425,DIE PART (FG),M2,0,0
250958425,DIE PART (FG),SCN,0,0
250958425,DIE PART (FG),T3,0,0
250958425,DIE PART (FG),XX,0,0
250958425,DIE PART (FG),0005,0,0
250956998,DIE PART(FG),SZ,0,0
250956998,DIE PART(FG),T2,0,0
250956998,DIE PART(FG),6F,0,0
250956998,DIE PART(FG),M2,0,0
250956998,DIE PART(FG),WC,0,0
250956998,DIE PART(FG),M2,0,0
250956998,DIE PART(FG),M2,0,0
250956998,DIE PART(FG),T3,0,0
250956998,DIE PART(FG),XX,0,0
250956998,DIE PART(FG),0006,0,0
251063171,MACHINE,SH,0,0
251063171,MACHINE,T2,0,0
251063171,MACHINE,L1,0,0
251063171,MACHINE,M1,0,0
251063171,MACHINE,H1,0,0
251063171,MACHINE,GS,0,0
251063171,MACHINE,L2,0,0
251063171,MACHINE,M2,0,0
251063171,MACHINE,L2,0,0
251063171,MACHINE,M2,0,0
251063171,MACHINE,T3,0,0
251063171,MACHINE,XX,0,0
251063171,MACHINE,0007,0,0
250959613,DIE PART9FG),SS,0,0
250959613,DIE PART9FG),T2,0,0
250959613,DIE PART9FG),H1,0,0
250959613,DIE PART9FG),6F,0,0
250959613,DIE PART9FG),M2,0,0
250959613,DIE PART9FG),WC,0,0
250959613,DIE PART9FG),T3,0,0
250959613,DIE PART9FG),XX,0,0
250959613,DIE PART9FG),0008,0,0
251064978,MACHINE,SH,0,0
251064978,MACHINE,T2,0,0
251064978,MACHINE,L1,0,0
251064978,MACHINE,M1,0,0
251064978,MACHINE,M2,0,0
251064978,MACHINE,H1,0,0
251064978,MACHINE,GS,0,0
251064978,MACHINE,L2,0,0
251064978,MACHINE,M2,0,0
251064978,MACHINE,T3,0,0
251064978,MACHINE,XX,0,0
251064978,MACHINE,0009,0,0
251062315,DIE PART (FG),SZ,0,0
251062315,DIE PART (FG),T2,0,0
251062315,DIE PART (FG),6F,0,0
251062315,DIE PART (FG),M1,0,0
251062315,DIE PART (FG),H1,0,0
251062315,DIE PART (FG),GS,0,0
251062315,DIE PART (FG),M2,0,0
251062315,DIE PART (FG),H2,0,0
251062315,DIE PART (FG),T3,0,0
251062315,DIE PART (FG),XX,0,0
251062315,DIE PART (FG),0010,0,0
251062334,DIE PART (FG),SZ,0,0
251062334,DIE PART (FG),T2,0,0
251062334,DIE PART (FG),6F,0,0
251062334,DIE PART (FG),M1,0,0
251062334,DIE PART (FG),H1,0,0
251062334,DIE PART (FG),GS,0,0
251062334,DIE PART (FG),M2,0,0
251062334,DIE PART (FG),T3,0,0
251062334,DIE PART (FG),XX,0,0
251062334,DIE PART (FG),0011,0,0
250959587,SPARE PART,SZ,0,0
250959587,SPARE PART,T2,0,0
250959587,SPARE PART,L1,0,0
250959587,SPARE PART,H1,0,0
250959587,SPARE PART,L2,0,0
250959587,SPARE PART,M2,0,0
250959587,SPARE PART,T3,0,0
250959587,SPARE PART,XX,0,0
250959587,SPARE PART,0012,0,0
251064360,DIE PART (FG),SS,0,0
251064360,DIE PART (FG),T2,0,0
251064360,DIE PART (FG),H1,0,0
251064360,DIE PART (FG),GS,0,0
251064360,DIE PART (FG),M2,0,0
251064360,DIE PART (FG),LAP,0,0
251064360,DIE PART (FG),T3,0,0
251064360,DIE PART (FG),XX,0,0
251064360,DIE PART (FG),0013,0,0
251064376,DIE PART (FG),SS,0,0
251064376,DIE PART (FG),T2,0,0
251064376,DIE PART (FG),H1,0,0
251064376,DIE PART (FG),GS,0,0
251064376,DIE PART (FG),M2,0,0
251064376,DIE PART (FG),LAP,0,0
251064376,DIE PART (FG),T3,0,0
251064376,DIE PART (FG),XX,0,0
251064376,DIE PART (FG),0014,0,0
251064347,DIE PART (FG),SZ,0,0
251064347,DIE PART (FG),T2,0,0
251064347,DIE PART (FG),L1,0,0
251064347,DIE PART (FG),M1,0,0
251064347,DIE PART (FG),H1,0,0
251064347,DIE PART (FG),GS,0,0
251064347,DIE PART (FG),L2,0,0
251064347,DIE PART (FG),T3,0,0
251064347,DIE PART (FG),XX,0,0
251064347,DIE PART (FG),0015,0,0
251064587,DIE PART (FG),SZ,0,0
251064587,DIE PART (FG),T2,0,0
251064587,DIE PART (FG),6F,0,0
251064587,DIE PART (FG),GD,0,0
251064587,DIE PART (FG),M2,0,0
251064587,DIE PART (FG),GS,0,0
251064587,DIE PART (FG),T3,0,0
251064587,DIE PART (FG),XX,0,0
251064587,DIE PART (FG),0016,0,0
251064592,DIE PART (FG),SZ,0,0
251064592,DIE PART (FG),T2,0,0
251064592,DIE PART (FG),6F,0,0
251064592,DIE PART (FG),GD,0,0
251064592,DIE PART (FG),M2,0,0
251064592,DIE PART (FG),GS,0,0
251064592,DIE PART (FG),T3,0,0
251064592,DIE PART (FG),XX,0,0
251064592,DIE PART (FG),0017,0,0
251064798,DIE PART (FG),SZ,0,0
251064798,DIE PART (FG),T2,0,0
251064798,DIE PART (FG),L1,0,0
251064798,DIE PART (FG),M1,0,0
251064798,DIE PART (FG),H1,0,0
251064798,DIE PART (FG),GS,0,0
251064798,DIE PART (FG),L2,0,0
251064798,DIE PART (FG),T3,0,0
251064798,DIE PART (FG),XX,0,0
251064798,DIE PART (FG),0018,0,0
251064814,DIE PART (FG),SZ,0,0
251064814,DIE PART (FG),T2,0,0
251064814,DIE PART (FG),6F,0,0
251064814,DIE PART (FG),M1,0,0
251064814,DIE PART (FG),H1,0,0
251064814,DIE PART (FG),GS,0,0
251064814,DIE PART (FG),M2,0,0
251064814,DIE PART (FG),LAP,0,0
251064814,DIE PART (FG),YA,0,0
251064814,DIE PART (FG),T3,0,0
251064814,DIE PART (FG),XX,0,0
251064814,DIE PART (FG),0019,0,0
251064573,DIE PART (FG),SZ,0,0
251064573,DIE PART (FG),T2,0,0
251064573,DIE PART (FG),6F,0,0
251064573,DIE PART (FG),GD,0,0
251064573,DIE PART (FG),M2,0,0
251064573,DIE PART (FG),GS,0,0
251064573,DIE PART (FG),T3,0,0
251064573,DIE PART (FG),XX,0,0
251064573,DIE PART (FG),0020,0,0
251064583,DIE PART (FG),SZ,0,0
251064583,DIE PART (FG),T2,0,0
251064583,DIE PART (FG),6F,0,0
251064583,DIE PART (FG),GD,0,0
251064583,DIE PART (FG),M2,0,0
251064583,DIE PART (FG),GS,0,0
251064583,DIE PART (FG),T3,0,0
251064583,DIE PART (FG),XX,0,0
251064583,DIE PART (FG),0021,0,0
251065282,MACHINE,SH,0,0
251065282,MACHINE,T2,0,0
251065282,MACHINE,6F,0,0
251065282,MACHINE,GD,0,0
251065282,MACHINE,M2,0,0
251065282,MACHINE,T3,0,0
251065282,MACHINE,XX,0,0
251065282,MACHINE,0022,0,0
251065461,DIE PART (FG),SZ,0,0
251065461,DIE PART (FG),T2,0,0
251065461,DIE PART (FG),6F,0,0
251065461,DIE PART (FG),M1,0,0
251065461,DIE PART (FG),H1,0,0
251065461,DIE PART (FG),GS,0,0
251065461,DIE PART (FG),M2,0,0
251065461,DIE PART (FG),T3,0,0
251065461,DIE PART (FG),XX,0,0
251065461,DIE PART (FG),0023,0,0
251061676,DIE PART (FG),SZ,0,0
251061676,DIE PART (FG),T2,0,0
251061676,DIE PART (FG),L1,0,0
251061676,DIE PART (FG),M1,0,0
251061676,DIE PART (FG),H1,0,0
251061676,DIE PART (FG),GS,0,0
251061676,DIE PART (FG),L2,0,0
251061676,DIE PART (FG),T3,0,0
251061676,DIE PART (FG),XX,0,0
251061676,DIE PART (FG),0024,0,0
251063174,DIE PART(FG),SZ,0,0
251063174,DIE PART(FG),T2,0,0
251063174,DIE PART(FG),6F,0,0
251063174,DIE PART(FG),M1,0,0
251063174,DIE PART(FG),H1,0,0
251063174,DIE PART(FG),GS,0,0
251063174,DIE PART(FG),M2,0,0
251063174,DIE PART(FG),LAP,0,0
251063174,DIE PART(FG),YA,0,0
251063174,DIE PART(FG),T3,0,0
251063174,DIE PART(FG),XX,0,0
251063174,DIE PART(FG),0025,0,0
250750280,3RD PROCESS DIE ASSY,SZ,0,0
250750280,3RD PROCESS DIE ASSY,T2,0,0
250750280,3RD PROCESS DIE ASSY,L1,0,0
250750280,3RD PROCESS DIE ASSY,H1,0,0
250750280,3RD PROCESS DIE ASSY,GS,0,0
250750280,3RD PROCESS DIE ASSY,L2,0,0
250750280,3RD PROCESS DIE ASSY,PRS,0,0
250750280,3RD PROCESS DIE ASSY,L2,0,0
250750280,3RD PROCESS DIE ASSY,PRS,0,0
250750280,3RD PROCESS DIE ASSY,PRS,0,0
250750280,3RD PROCESS DIE ASSY,M2,0,0
250750280,3RD PROCESS DIE ASSY,T3,0,0
250750280,3RD PROCESS DIE ASSY,XX,0,0
250750280,3RD PROCESS DIE ASSY,0026,0,0
250852643,3 PROCESS DIE ASSY,SZ,0,0
250852643,3 PROCESS DIE ASSY,T2,0,0
250852643,3 PROCESS DIE ASSY,L1,0,0
250852643,3 PROCESS DIE ASSY,H1,0,0
250852643,3 PROCESS DIE ASSY,GS,0,0
250852643,3 PROCESS DIE ASSY,L2,0,0
250852643,3 PROCESS DIE ASSY,PRS,0,0
250852643,3 PROCESS DIE ASSY,L2,0,0
250852643,3 PROCESS DIE ASSY,PRS,0,0
250852643,3 PROCESS DIE ASSY,PRS,0,0
250852643,3 PROCESS DIE ASSY,M2,0,0
250852643,3 PROCESS DIE ASSY,T3,0,0
250852643,3 PROCESS DIE ASSY,XX,0,0
250852643,3 PROCESS DIE ASSY,0027,0,0
250855608,3 PROCESS DIE ASSY,SZ,0,0
250855608,3 PROCESS DIE ASSY,T2,0,0
250855608,3 PROCESS DIE ASSY,L1,0,0
250855608,3 PROCESS DIE ASSY,H1,0,0
250855608,3 PROCESS DIE ASSY,GS,0,0
250855608,3 PROCESS DIE ASSY,L2,0,0
250855608,3 PROCESS DIE ASSY,M2,0,0
250855608,3 PROCESS DIE ASSY,PRS,0,0
250855608,3 PROCESS DIE ASSY,L2,0,0
250855608,3 PROCESS DIE ASSY,M2,0,0
250855608,3 PROCESS DIE ASSY,PRS,0,0
250855608,3 PROCESS DIE ASSY,LAP,0,0
250855608,3 PROCESS DIE ASSY,H2,0,0
250855608,3 PROCESS DIE ASSY,LAP,0,0
250855608,3 PROCESS DIE ASSY,PRS,0,0
250855608,3 PROCESS DIE ASSY,M2,0,0
250855608,3 PROCESS DIE ASSY,T3,0,0
250855608,3 PROCESS DIE ASSY,XX,0,0
250855608,3 PROCESS DIE ASSY,0028,0,0
250853409,3RD PROCESS DIE INSERT,SZ,0,0
250853409,3RD PROCESS DIE INSERT,T2,0,0
250853409,3RD PROCESS DIE INSERT,L1,0,0
250853409,3RD PROCESS DIE INSERT,H1,0,0
250853409,3RD PROCESS DIE INSERT,GS,0,0
250853409,3RD PROCESS DIE INSERT,L2,0,0
250853409,3RD PROCESS DIE INSERT,PRS,0,0
250853409,3RD PROCESS DIE INSERT,L2,0,0
250853409,3RD PROCESS DIE INSERT,PRS,0,0
250853409,3RD PROCESS DIE INSERT,M2,0,0
250853409,3RD PROCESS DIE INSERT,EDM,0,0
250853409,3RD PROCESS DIE INSERT,LAP,0,0
250853409,3RD PROCESS DIE INSERT,H2,0,0
250853409,3RD PROCESS DIE INSERT,EDM,0,0
250853409,3RD PROCESS DIE INSERT,LAP,0,0
250853409,3RD PROCESS DIE INSERT,PRS,0,0
250853409,3RD PROCESS DIE INSERT,M2,0,0
250853409,3RD PROCESS DIE INSERT,T3,0,0
250853409,3RD PROCESS DIE INSERT,XX,0,0
250853409,3RD PROCESS DIE INSERT,0029,0,0
250855081,4 PROCESS DIE ASSY,SZ,0,0
250855081,4 PROCESS DIE ASSY,T2,0,0
250855081,4 PROCESS DIE ASSY,L1,0,0
250855081,4 PROCESS DIE ASSY,H1,0,0
250855081,4 PROCESS DIE ASSY,GS,0,0
250855081,4 PROCESS DIE ASSY,L2,0,0
250855081,4 PROCESS DIE ASSY,PRS,0,0
250855081,4 PROCESS DIE ASSY,M2,0,0
250855081,4 PROCESS DIE ASSY,LAP,0,0
250855081,4 PROCESS DIE ASSY,PRS,0,0
250855081,4 PROCESS DIE ASSY,T3,0,0
250855081,4 PROCESS DIE ASSY,XX,0,0
250855081,4 PROCESS DIE ASSY,0030,0,0
250855085,4 PROCESS DIE ASSY,SZ,0,0
250855085,4 PROCESS DIE ASSY,T2,0,0
250855085,4 PROCESS DIE ASSY,L1,0,0
250855085,4 PROCESS DIE ASSY,H1,0,0
250855085,4 PROCESS DIE ASSY,GS,0,0
250855085,4 PROCESS DIE ASSY,L2,0,0
250855085,4 PROCESS DIE ASSY,PRS,0,0
250855085,4 PROCESS DIE ASSY,L2,0,0
250855085,4 PROCESS DIE ASSY,M2,0,0
250855085,4 PROCESS DIE ASSY,LAP,0,0
250855085,4 PROCESS DIE ASSY,PRS,0,0
250855085,4 PROCESS DIE ASSY,T3,0,0
250855085,4 PROCESS DIE ASSY,XX,0,0
250855085,4 PROCESS DIE ASSY,0031,0,0
250749416,4TH PROCESS DIE ASSY,SZ,0,0
250749416,4TH PROCESS DIE ASSY,T2,0,0
250749416,4TH PROCESS DIE ASSY,L1,0,0
250749416,4TH PROCESS DIE ASSY,H1,0,0
250749416,4TH PROCESS DIE ASSY,GS,0,0
250749416,4TH PROCESS DIE ASSY,L2,0,0
250749416,4TH PROCESS DIE ASSY,M2,0,0
250749416,4TH PROCESS DIE ASSY,PRS,0,0
250749416,4TH PROCESS DIE ASSY,L2,0,0
250749416,4TH PROCESS DIE ASSY,PRS,0,0
250749416,4TH PROCESS DIE ASSY,M2,0,0
250749416,4TH PROCESS DIE ASSY,LAP,0,0
250749416,4TH PROCESS DIE ASSY,H2,0,0
250749416,4TH PROCESS DIE ASSY,LAP,0,0
250749416,4TH PROCESS DIE ASSY,PRS,0,0
250749416,4TH PROCESS DIE ASSY,T3,0,0
250749416,4TH PROCESS DIE ASSY,XX,0,0
250749416,4TH PROCESS DIE ASSY,0032,0,0
250855000,4 PROCESS DIE ASSY,SZ,0,0
250855000,4 PROCESS DIE ASSY,T2,0,0
250855000,4 PROCESS DIE ASSY,L1,0,0
250855000,4 PROCESS DIE ASSY,H1,0,0
250855000,4 PROCESS DIE ASSY,GS,0,0
250855000,4 PROCESS DIE ASSY,L2,0,0
250855000,4 PROCESS DIE ASSY,M2,0,0
250855000,4 PROCESS DIE ASSY,PRS,0,0
250855000,4 PROCESS DIE ASSY,L2,0,0
250855000,4 PROCESS DIE ASSY,M2,0,0
250855000,4 PROCESS DIE ASSY,PRS,0,0
250855000,4 PROCESS DIE ASSY,LAP,0,0
250855000,4 PROCESS DIE ASSY,H2,0,0
250855000,4 PROCESS DIE ASSY,LAP,0,0
250855000,4 PROCESS DIE ASSY,PRS,0,0
250855000,4 PROCESS DIE ASSY,M2,0,0
250855000,4 PROCESS DIE ASSY,T3,0,0
250855000,4 PROCESS DIE ASSY,XX,0,0
250855000,4 PROCESS DIE ASSY,0033,0,0
250749417,4TH PROCESS DIE ASSY,SZ,0,0
250749417,4TH PROCESS DIE ASSY,T2,0,0
250749417,4TH PROCESS DIE ASSY,L1,0,0
250749417,4TH PROCESS DIE ASSY,H1,0,0
250749417,4TH PROCESS DIE ASSY,GS,0,0
250749417,4TH PROCESS DIE ASSY,L2,0,0
250749417,4TH PROCESS DIE ASSY,M2,0,0
250749417,4TH PROCESS DIE ASSY,PRS,0,0
250749417,4TH PROCESS DIE ASSY,L2,0,0
250749417,4TH PROCESS DIE ASSY,PRS,0,0
250749417,4TH PROCESS DIE ASSY,M2,0,0
250749417,4TH PROCESS DIE ASSY,LAP,0,0
250749417,4TH PROCESS DIE ASSY,H2,0,0
250749417,4TH PROCESS DIE ASSY,LAP,0,0
250749417,4TH PROCESS DIE ASSY,PRS,0,0
250749417,4TH PROCESS DIE ASSY,M2,0,0
250749417,4TH PROCESS DIE ASSY,T3,0,0
250749417,4TH PROCESS DIE ASSY,XX,0,0
250749417,4TH PROCESS DIE ASSY,0034,0,0
250749418,4TH PROCESS DIE ASSY,SZ,0,0
250749418,4TH PROCESS DIE ASSY,T2,0,0
250749418,4TH PROCESS DIE ASSY,L1,0,0
250749418,4TH PROCESS DIE ASSY,H1,0,0
250749418,4TH PROCESS DIE ASSY,GS,0,0
250749418,4TH PROCESS DIE ASSY,L2,0,0
250749418,4TH PROCESS DIE ASSY,PRS,0,0
250749418,4TH PROCESS DIE ASSY,L2,0,0
250749418,4TH PROCESS DIE ASSY,PRS,0,0
250749418,4TH PROCESS DIE ASSY,M2,0,0
250749418,4TH PROCESS DIE ASSY,LAP,0,0
250749418,4TH PROCESS DIE ASSY,PRS,0,0
250749418,4TH PROCESS DIE ASSY,M2,0,0
250749418,4TH PROCESS DIE ASSY,T3,0,0
250749418,4TH PROCESS DIE ASSY,XX,0,0
250749418,4TH PROCESS DIE ASSY,0035,0,0
250855710,4TH PROCESS DIE ASSY,SZ,0,0
250855710,4TH PROCESS DIE ASSY,T2,0,0
250855710,4TH PROCESS DIE ASSY,L1,0,0
250855710,4TH PROCESS DIE ASSY,H1,0,0
250855710,4TH PROCESS DIE ASSY,GS,0,0
250855710,4TH PROCESS DIE ASSY,L2,0,0
250855710,4TH PROCESS DIE ASSY,PRS,0,0
250855710,4TH PROCESS DIE ASSY,L2,0,0
250855710,4TH PROCESS DIE ASSY,PRS,0,0
250855710,4TH PROCESS DIE ASSY,M2,0,0
250855710,4TH PROCESS DIE ASSY,LAP,0,0
250855710,4TH PROCESS DIE ASSY,PRS,0,0
250855710,4TH PROCESS DIE ASSY,T3,0,0
250855710,4TH PROCESS DIE ASSY,XX,0,0
250855710,4TH PROCESS DIE ASSY,0036,0,0
250956508,4 PROCESS LUBRICATION BRACKET,SZ,0,0
250956508,4 PROCESS LUBRICATION BRACKET,T2,0,0
250956508,4 PROCESS LUBRICATION BRACKET,L1,0,0
250956508,4 PROCESS LUBRICATION BRACKET,M1,0,0
250956508,4 PROCESS LUBRICATION BRACKET,H1,0,0
250956508,4 PROCESS LUBRICATION BRACKET,GS,0,0
250956508,4 PROCESS LUBRICATION BRACKET,L2,0,0
250956508,4 PROCESS LUBRICATION BRACKET,M2,0,0
250956508,4 PROCESS LUBRICATION BRACKET,WC,0,0
250956508,4 PROCESS LUBRICATION BRACKET,WG,0,0
250956508,4 PROCESS LUBRICATION BRACKET,M2,0,0
250956508,4 PROCESS LUBRICATION BRACKET,T3,0,0
250956508,4 PROCESS LUBRICATION BRACKET,XX,0,0
250956508,4 PROCESS LUBRICATION BRACKET,0037,0,0
250956554,4TH PROCESS SKO PLATE,SZ,0,0
250956554,4TH PROCESS SKO PLATE,T2,0,0
250956554,4TH PROCESS SKO PLATE,L1,0,0
250956554,4TH PROCESS SKO PLATE,M1,0,0
250956554,4TH PROCESS SKO PLATE,M1,0,0
250956554,4TH PROCESS SKO PLATE,H1,0,0
250956554,4TH PROCESS SKO PLATE,M2,0,0
250956554,4TH PROCESS SKO PLATE,GS,0,0
250956554,4TH PROCESS SKO PLATE,L2,0,0
250956554,4TH PROCESS SKO PLATE,WC,0,0
250956554,4TH PROCESS SKO PLATE,M2,0,0
250956554,4TH PROCESS SKO PLATE,T3,0,0
250956554,4TH PROCESS SKO PLATE,XX,0,0
250956554,4TH PROCESS SKO PLATE,0038,0,0
250856366,3RD PROCESS PUNCH,SZ,0,0
250856366,3RD PROCESS PUNCH,T2,0,0
250856366,3RD PROCESS PUNCH,L1,0,0
250856366,3RD PROCESS PUNCH,H1,0,0
250856366,3RD PROCESS PUNCH,GCY,0,0
250856366,3RD PROCESS PUNCH,L2,0,0
250856366,3RD PROCESS PUNCH,M2,0,0
250856366,3RD PROCESS PUNCH,GS,0,0
250856366,3RD PROCESS PUNCH,T3,0,0
250856366,3RD PROCESS PUNCH,XX,0,0
250856366,3RD PROCESS PUNCH,0039,0,0
250856367,3ED PROCESS DIE ASSY,SZ,0,0
250856367,3ED PROCESS DIE ASSY,T2,0,0
250856367,3ED PROCESS DIE ASSY,L1,0,0
250856367,3ED PROCESS DIE ASSY,H1,0,0
250856367,3ED PROCESS DIE ASSY,GS,0,0
250856367,3ED PROCESS DIE ASSY,L2,0,0
250856367,3ED PROCESS DIE ASSY,M2,0,0
250856367,3ED PROCESS DIE ASSY,PRS,0,0
250856367,3ED PROCESS DIE ASSY,L2,0,0
250856367,3ED PROCESS DIE ASSY,M2,0,0
250856367,3ED PROCESS DIE ASSY,PRS,0,0
250856367,3ED PROCESS DIE ASSY,LAP,0,0
250856367,3ED PROCESS DIE ASSY,H2,0,0
250856367,3ED PROCESS DIE ASSY,LAP,0,0
250856367,3ED PROCESS DIE ASSY,PRS,0,0
250856367,3ED PROCESS DIE ASSY,M2,0,0
250856367,3ED PROCESS DIE ASSY,T3,0,0
250856367,3ED PROCESS DIE ASSY,XX,0,0
250856367,3ED PROCESS DIE ASSY,0040,0,0
250856369,3RD PROCESS DIE ASSY,SZ,0,0
250856369,3RD PROCESS DIE ASSY,T2,0,0
250856369,3RD PROCESS DIE ASSY,L1,0,0
250856369,3RD PROCESS DIE ASSY,H1,0,0
250856369,3RD PROCESS DIE ASSY,GS,0,0
250856369,3RD PROCESS DIE ASSY,L2,0,0
250856369,3RD PROCESS DIE ASSY,PRS,0,0
250856369,3RD PROCESS DIE ASSY,L2,0,0
250856369,3RD PROCESS DIE ASSY,PRS,0,0
250856369,3RD PROCESS DIE ASSY,LAP,0,0
250856369,3RD PROCESS DIE ASSY,PRS,0,0
250856369,3RD PROCESS DIE ASSY,M2,0,0
250856369,3RD PROCESS DIE ASSY,T3,0,0
250856369,3RD PROCESS DIE ASSY,XX,0,0
250856369,3RD PROCESS DIE ASSY,0041,0,0
250856372,3 PROCESS LUBRICATION BRACKET,SZ,0,0
250856372,3 PROCESS LUBRICATION BRACKET,T2,0,0
250856372,3 PROCESS LUBRICATION BRACKET,L1,0,0
250856372,3 PROCESS LUBRICATION BRACKET,M1,0,0
250856372,3 PROCESS LUBRICATION BRACKET,H1,0,0
250856372,3 PROCESS LUBRICATION BRACKET,GS,0,0
250856372,3 PROCESS LUBRICATION BRACKET,L2,0,0
250856372,3 PROCESS LUBRICATION BRACKET,WC,0,0
250856372,3 PROCESS LUBRICATION BRACKET,M2,0,0
250856372,3 PROCESS LUBRICATION BRACKET,M2,0,0
250856372,3 PROCESS LUBRICATION BRACKET,T3,0,0
250856372,3 PROCESS LUBRICATION BRACKET,XX,0,0
250856372,3 PROCESS LUBRICATION BRACKET,0042,0,0
250956485,SIZING PUNCH BASE,SZ,0,0
250956485,SIZING PUNCH BASE,T2,0,0
250956485,SIZING PUNCH BASE,L1,0,0
250956485,SIZING PUNCH BASE,H1,0,0
250956485,SIZING PUNCH BASE,GS,0,0
250956485,SIZING PUNCH BASE,L2,0,0
250956485,SIZING PUNCH BASE,M2,0,0
250956485,SIZING PUNCH BASE,T3,0,0
250956485,SIZING PUNCH BASE,XX,0,0
250956485,SIZING PUNCH BASE,0043,0,0
250956538,4TH PROCESS PUNCH,SZ,0,0
250956538,4TH PROCESS PUNCH,T2,0,0
250956538,4TH PROCESS PUNCH,L1,0,0
250956538,4TH PROCESS PUNCH,H1,0,0
250956538,4TH PROCESS PUNCH,L2,0,0
250956538,4TH PROCESS PUNCH,M2,0,0
250956538,4TH PROCESS PUNCH,LAP,0,0
250956538,4TH PROCESS PUNCH,H2,0,0
250956538,4TH PROCESS PUNCH,T1,0,0
250956538,4TH PROCESS PUNCH,XX,0,0
250956538,4TH PROCESS PUNCH,0044,0,0
250956538,4TH PROCESS PUNCH,SZ,0,0
250956538,4TH PROCESS PUNCH,T2,0,0
250956538,4TH PROCESS PUNCH,L1,0,0
250956538,4TH PROCESS PUNCH,H1,0,0
250956538,4TH PROCESS PUNCH,L2,0,0
250956538,4TH PROCESS PUNCH,M2,0,0
250956538,4TH PROCESS PUNCH,LAP,0,0
250956538,4TH PROCESS PUNCH,H2,0,0
250956538,4TH PROCESS PUNCH,T1,0,0
250956538,4TH PROCESS PUNCH,XX,0,0
250956538,4TH PROCESS PUNCH,0045,0,0
250956538,4TH PROCESS PUNCH,SZ,0,0
250956538,4TH PROCESS PUNCH,T2,0,0
250956538,4TH PROCESS PUNCH,L1,0,0
250956538,4TH PROCESS PUNCH,H1,0,0
250956538,4TH PROCESS PUNCH,L2,0,0
250956538,4TH PROCESS PUNCH,M2,0,0
250956538,4TH PROCESS PUNCH,LAP,0,0
250956538,4TH PROCESS PUNCH,H2,0,0
250956538,4TH PROCESS PUNCH,T1,0,0
250956538,4TH PROCESS PUNCH,XX,0,0
250956538,4TH PROCESS PUNCH,0046,0,0
250956557,4TH PROCESS DIE ASSY,SZ,0,0
250956557,4TH PROCESS DIE ASSY,T2,0,0
250956557,4TH PROCESS DIE ASSY,L1,0,0
250956557,4TH PROCESS DIE ASSY,H1,0,0
250956557,4TH PROCESS DIE ASSY,GS,0,0
250956557,4TH PROCESS DIE ASSY,L2,0,0
250956557,4TH PROCESS DIE ASSY,M2,0,0
250956557,4TH PROCESS DIE ASSY,PRS,0,0
250956557,4TH PROCESS DIE ASSY,L2,0,0
250956557,4TH PROCESS DIE ASSY,M2,0,0
250956557,4TH PROCESS DIE ASSY,PRS,0,0
250956557,4TH PROCESS DIE ASSY,LAP,0,0
250956557,4TH PROCESS DIE ASSY,H2,0,0
250956557,4TH PROCESS DIE ASSY,LAP,0,0
250956557,4TH PROCESS DIE ASSY,PRS,0,0
250956557,4TH PROCESS DIE ASSY,M2,0,0
250956557,4TH PROCESS DIE ASSY,T3,0,0
250956557,4TH PROCESS DIE ASSY,XX,0,0
250956557,4TH PROCESS DIE ASSY,0047,0,0
250956575,4TH PROCESS DIE ASSY,SZ,0,0
250956575,4TH PROCESS DIE ASSY,T2,0,0
250956575,4TH PROCESS DIE ASSY,L1,0,0
250956575,4TH PROCESS DIE ASSY,H1,0,0
250956575,4TH PROCESS DIE ASSY,GS,0,0
250956575,4TH PROCESS DIE ASSY,L2,0,0
250956575,4TH PROCESS DIE ASSY,PRS,0,0
250956575,4TH PROCESS DIE ASSY,L2,0,0
250956575,4TH PROCESS DIE ASSY,PRS,0,0
250956575,4TH PROCESS DIE ASSY,PRS,0,0
250956575,4TH PROCESS DIE ASSY,M2,0,0
250956575,4TH PROCESS DIE ASSY,T3,0,0
250956575,4TH PROCESS DIE ASSY,XX,0,0
250956575,4TH PROCESS DIE ASSY,0048,0,0
250960727,4 PROCESS PUNCH,SZ,0,0
250960727,4 PROCESS PUNCH,T2,0,0
250960727,4 PROCESS PUNCH,L1,0,0
250960727,4 PROCESS PUNCH,H1,0,0
250960727,4 PROCESS PUNCH,L2,0,0
250960727,4 PROCESS PUNCH,M2,0,0
250960727,4 PROCESS PUNCH,LAP,0,0
250960727,4 PROCESS PUNCH,H2,0,0
250960727,4 PROCESS PUNCH,T1,0,0
250960727,4 PROCESS PUNCH,XX,0,0
250960727,4 PROCESS PUNCH,0049,0,0
250959614,4TH PEOCESS DIE ASSY,SZ,0,0
250959614,4TH PEOCESS DIE ASSY,T2,0,0
250959614,4TH PEOCESS DIE ASSY,L1,0,0
250959614,4TH PEOCESS DIE ASSY,H1,0,0
250959614,4TH PEOCESS DIE ASSY,GS,0,0
250959614,4TH PEOCESS DIE ASSY,L2,0,0
250959614,4TH PEOCESS DIE ASSY,PRS,0,0
250959614,4TH PEOCESS DIE ASSY,L2,0,0
250959614,4TH PEOCESS DIE ASSY,PRS,0,0
250959614,4TH PEOCESS DIE ASSY,M2,0,0
250959614,4TH PEOCESS DIE ASSY,LAP,0,0
250959614,4TH PEOCESS DIE ASSY,PRS,0,0
250959614,4TH PEOCESS DIE ASSY,T3,0,0
250959614,4TH PEOCESS DIE ASSY,XX,0,0
250959614,4TH PEOCESS DIE ASSY,0050,0,0
251061737,4 PROCESS PUNCH,SZ,0,0
251061737,4 PROCESS PUNCH,T2,0,0
251061737,4 PROCESS PUNCH,L1,0,0
251061737,4 PROCESS PUNCH,H1,0,0
251061737,4 PROCESS PUNCH,L2,0,0
251061737,4 PROCESS PUNCH,M2,0,0
251061737,4 PROCESS PUNCH,LAP,0,0
251061737,4 PROCESS PUNCH,H2,0,0
251061737,4 PROCESS PUNCH,T1,0,0
251061737,4 PROCESS PUNCH,XX,0,0
251061737,4 PROCESS PUNCH,0051,0,0
250750270,3RD PROCESSDIE ASSY,SZ,0,0
250750270,3RD PROCESSDIE ASSY,T2,0,0
250750270,3RD PROCESSDIE ASSY,L1,0,0
250750270,3RD PROCESSDIE ASSY,H1,0,0
250750270,3RD PROCESSDIE ASSY,GS,0,0
250750270,3RD PROCESSDIE ASSY,L2,0,0
250750270,3RD PROCESSDIE ASSY,M2,0,0
250750270,3RD PROCESSDIE ASSY,PRS,0,0
250750270,3RD PROCESSDIE ASSY,L2,0,0
250750270,3RD PROCESSDIE ASSY,PRS,0,0
250750270,3RD PROCESSDIE ASSY,M2,0,0
250750270,3RD PROCESSDIE ASSY,PRS,0,0
250750270,3RD PROCESSDIE ASSY,LAP,0,0
250750270,3RD PROCESSDIE ASSY,H2,0,0
250750270,3RD PROCESSDIE ASSY,LAP,0,0
250750270,3RD PROCESSDIE ASSY,EDM,0,0
250750270,3RD PROCESSDIE ASSY,PRS,0,0
250750270,3RD PROCESSDIE ASSY,M2,0,0
250750270,3RD PROCESSDIE ASSY,T3,0,0
250750270,3RD PROCESSDIE ASSY,0052,0,0
251062870,4TH PROCESS PUNCH,SZ,0,0
251062870,4TH PROCESS PUNCH,T2,0,0
251062870,4TH PROCESS PUNCH,L1,0,0
251062870,4TH PROCESS PUNCH,H1,0,0
251062870,4TH PROCESS PUNCH,L2,0,0
251062870,4TH PROCESS PUNCH,M2,0,0
251062870,4TH PROCESS PUNCH,LAP,0,0
251062870,4TH PROCESS PUNCH,H2,0,0
251062870,4TH PROCESS PUNCH,T1,0,0
251062870,4TH PROCESS PUNCH,XX,0,0
251062870,4TH PROCESS PUNCH,0053,0,0
251062645,4TH PROCESS DIE ASSY,SZ,0,0
251062645,4TH PROCESS DIE ASSY,T2,0,0
251062645,4TH PROCESS DIE ASSY,L1,0,0
251062645,4TH PROCESS DIE ASSY,H1,0,0
251062645,4TH PROCESS DIE ASSY,GS,0,0
251062645,4TH PROCESS DIE ASSY,L2,0,0
251062645,4TH PROCESS DIE ASSY,PRS,0,0
251062645,4TH PROCESS DIE ASSY,L2,0,0
251062645,4TH PROCESS DIE ASSY,PRS,0,0
251062645,4TH PROCESS DIE ASSY,M2,0,0
251062645,4TH PROCESS DIE ASSY,LAP,0,0
251062645,4TH PROCESS DIE ASSY,PRS,0,0
251062645,4TH PROCESS DIE ASSY,T3,0,0
251062645,4TH PROCESS DIE ASSY,XX,0,0
251062645,4TH PROCESS DIE ASSY,0054,0,0
250958520,4TH PROCESS DIE ASSY,SZ,0,0
250958520,4TH PROCESS DIE ASSY,T2,0,0
250958520,4TH PROCESS DIE ASSY,L1,0,0
250958520,4TH PROCESS DIE ASSY,H1,0,0
250958520,4TH PROCESS DIE ASSY,GS,0,0
250958520,4TH PROCESS DIE ASSY,L2,0,0
250958520,4TH PROCESS DIE ASSY,PRS,0,0
250958520,4TH PROCESS DIE ASSY,L2,0,0
250958520,4TH PROCESS DIE ASSY,PRS,0,0
250958520,4TH PROCESS DIE ASSY,M2,0,0
250958520,4TH PROCESS DIE ASSY,LAP,0,0
250958520,4TH PROCESS DIE ASSY,PRS,0,0
250958520,4TH PROCESS DIE ASSY,T3,0,0
250958520,4TH PROCESS DIE ASSY,XX,0,0
250958520,4TH PROCESS DIE ASSY,0055,0,0
250958532,4TH PEOCESS DIE ASSY,SZ,0,0
250958532,4TH PEOCESS DIE ASSY,T2,0,0
250958532,4TH PEOCESS DIE ASSY,L1,0,0
250958532,4TH PEOCESS DIE ASSY,H1,0,0
250958532,4TH PEOCESS DIE ASSY,GS,0,0
250958532,4TH PEOCESS DIE ASSY,L2,0,0
250958532,4TH PEOCESS DIE ASSY,M2,0,0
250958532,4TH PEOCESS DIE ASSY,PRS,0,0
250958532,4TH PEOCESS DIE ASSY,L2,0,0
250958532,4TH PEOCESS DIE ASSY,PRS,0,0
250958532,4TH PEOCESS DIE ASSY,LAP,0,0
250958532,4TH PEOCESS DIE ASSY,H2,0,0
250958532,4TH PEOCESS DIE ASSY,LAP,0,0
250958532,4TH PEOCESS DIE ASSY,PRS,0,0
250958532,4TH PEOCESS DIE ASSY,M2,0,0
250958532,4TH PEOCESS DIE ASSY,T3,0,0
250958532,4TH PEOCESS DIE ASSY,XX,0,0
250958532,4TH PEOCESS DIE ASSY,0056,0,0
250958588,4TH PROCESS DIE ASSY,SZ,0,0
250958588,4TH PROCESS DIE ASSY,T2,0,0
250958588,4TH PROCESS DIE ASSY,L1,0,0
250958588,4TH PROCESS DIE ASSY,H1,0,0
250958588,4TH PROCESS DIE ASSY,GS,0,0
250958588,4TH PROCESS DIE ASSY,L2,0,0
250958588,4TH PROCESS DIE ASSY,PRS,0,0
250958588,4TH PROCESS DIE ASSY,L2,0,0
250958588,4TH PROCESS DIE ASSY,PRS,0,0
250958588,4TH PROCESS DIE ASSY,M2,0,0
250958588,4TH PROCESS DIE ASSY,LAP,0,0
250958588,4TH PROCESS DIE ASSY,PRS,0,0
250958588,4TH PROCESS DIE ASSY,T3,0,0
250958588,4TH PROCESS DIE ASSY,XX,0,0
250958588,4TH PROCESS DIE ASSY,0057,0,0
250958593,4TH PROCESS DIE ASSY,SZ,0,0
250958593,4TH PROCESS DIE ASSY,T2,0,0
250958593,4TH PROCESS DIE ASSY,L1,0,0
250958593,4TH PROCESS DIE ASSY,H1,0,0
250958593,4TH PROCESS DIE ASSY,GS,0,0
250958593,4TH PROCESS DIE ASSY,L2,0,0
250958593,4TH PROCESS DIE ASSY,M2,0,0
250958593,4TH PROCESS DIE ASSY,PRS,0,0
250958593,4TH PROCESS DIE ASSY,L2,0,0
250958593,4TH PROCESS DIE ASSY,PRS,0,0
250958593,4TH PROCESS DIE ASSY,LAP,0,0
250958593,4TH PROCESS DIE ASSY,H2,0,0
250958593,4TH PROCESS DIE ASSY,LAP,0,0
250958593,4TH PROCESS DIE ASSY,PRS,0,0
250958593,4TH PROCESS DIE ASSY,M2,0,0
250958593,4TH PROCESS DIE ASSY,T3,0,0
250958593,4TH PROCESS DIE ASSY,XX,0,0
250958593,4TH PROCESS DIE ASSY,0058,0,0
250959625,,SZ,0,0
250959625,,T2,0,0
250959625,,L1,0,0
250959625,,H1,0,0
250959625,,GS,0,0
250959625,,L2,0,0
250959625,,M2,0,0
250959625,,SCN,0,0
250959625,,LAP,0,0
250959625,,T3,0,0
250959625,,XX,0,0
250959625,,0059,0,0
250959627,,SZ,0,0
250959627,,T2,0,0
250959627,,L1,0,0
250959627,,H1,0,0
250959627,,L2,0,0
250959627,,M2,0,0
250959627,,SCN,0,0
250959627,,EDM,0,0
250959627,,LAP,0,0
250959627,,T3,0,0
250959627,,XX,0,0
250959627,,0060,0,0
250959636,,SZ,0,0
250959636,,T2,0,0
250959636,,L1,0,0
250959636,,H1,0,0
250959636,,L2,0,0
250959636,,M2,0,0
250959636,,SCN,0,0
250959636,,EDM,0,0
250959636,,LAP,0,0
250959636,,T3,0,0
250959636,,XX,0,0
250959636,,0061,0,0
250959638,,SZ,0,0
250959638,,T2,0,0
250959638,,L1,0,0
250959638,,H1,0,0
250959638,,L2,0,0
250959638,,M2,0,0
250959638,,SCN,0,0
250959638,,EDM,0,0
250959638,,LAP,0,0
250959638,,T3,0,0
250959638,,XX,0,0
250959638,,0062,0,0
250960371,,SH,0,0
250960371,,T2,0,0
250960371,,M2,0,0
250960371,,T3,0,0
250960371,,XX,0,0
250960371,,0063,0,0
250960382,,SH,0,0
250960382,,T2,0,0
250960382,,M2,0,0
250960382,,T3,0,0
250960382,,XX,0,0
250960382,,0064,0,0
251063876,,SZ,0,0
251063876,,T2,0,0
251063876,,6F,0,0
251063876,,M1,0,0
251063876,,H1,0,0
251063876,,GS,0,0
251063876,,M2,0,0
251063876,,WC,0,0
251063876,,T3,0,0
251063876,,XX,0,0
251063876,,0065,0,0
251064155,1600T,SZ,0,0
251064155,1600T,T2,0,0
251064155,1600T,L1,0,0
251064155,1600T,H1,0,0
251064155,1600T,GS,0,0
251064155,1600T,L2,0,0
251064155,1600T,M2,0,0
251064155,1600T,SCN,0,0
251064155,1600T,LAP,0,0
251064155,1600T,YA,0,0
251064155,1600T,T3,0,0
251064155,1600T,XX,0,0
251064155,1600T,0066,0,0
251064156,1600T,SZ,0,0
251064156,1600T,T2,0,0
251064156,1600T,L1,0,0
251064156,1600T,H1,0,0
251064156,1600T,GS,0,0
251064156,1600T,L2,0,0
251064156,1600T,M2,0,0
251064156,1600T,SCN,0,0
251064156,1600T,LAP,0,0
251064156,1600T,YA,0,0
251064156,1600T,T3,0,0
251064156,1600T,XX,0,0
251064156,1600T,0067,0,0
251062964,,SZ,0,0
251062964,,T2,0,0
251062964,,6F,0,0
251062964,,M1,0,0
251062964,,H1,0,0
251062964,,GS,0,0
251062964,,M2,0,0
251062964,,WC,0,0
251062964,,SCN,0,0
251062964,,T3,0,0
251062964,,XX,0,0
251062964,,0068,0,0
251062972,,SZ,0,0
251062972,,T2,0,0
251062972,,6F,0,0
251062972,,M1,0,0
251062972,,H1,0,0
251062972,,GS,0,0
251062972,,M2,0,0
251062972,,WC,0,0
251062972,,SCN,0,0
251062972,,T3,0,0
251062972,,XX,0,0
251062972,,0069,0,0
251062973,,SZ,0,0
251062973,,T2,0,0
251062973,,6F,0,0
251062973,,M1,0,0
251062973,,H1,0,0
251062973,,GS,0,0
251062973,,M2,0,0
251062973,,WC,0,0
251062973,,SCN,0,0
251062973,,T3,0,0
251062973,,XX,0,0
251062973,,0070,0,0
251062999,,SZ,0,0
251062999,,T2,0,0
251062999,,6F,0,0
251062999,,M1,0,0
251062999,,H1,0,0
251062999,,GS,0,0
251062999,,WC,0,0
251062999,,SCN,0,0
251062999,,T3,0,0
251062999,,XX,0,0
251062999,,0071,0,0
251063001,,SZ,0,0
251063001,,T2,0,0
251063001,,6F,0,0
251063001,,M1,0,0
251063001,,H1,0,0
251063001,,GS,0,0
251063001,,M2,0,0
251063001,,WC,0,0
251063001,,SCN,0,0
251063001,,T3,0,0
251063001,,XX,0,0
251063001,,0072,0,0
251063003,,SZ,0,0
251063003,,T2,0,0
251063003,,6F,0,0
251063003,,M1,0,0
251063003,,H1,0,0
251063003,,GS,0,0
251063003,,WC,0,0
251063003,,SCN,0,0
251063003,,T3,0,0
251063003,,XX,0,0
251063003,,0073,0,0
251063004,,SZ,0,0
251063004,,T2,0,0
251063004,,6F,0,0
251063004,,M1,0,0
251063004,,H1,0,0
251063004,,GS,0,0
251063004,,M2,0,0
251063004,,WC,0,0
251063004,,SCN,0,0
251063004,,T3,0,0
251063004,,XX,0,0
251063004,,0074,0,0
251063005,,SZ,0,0
251063005,,T2,0,0
251063005,,6F,0,0
251063005,,M1,0,0
251063005,,H1,0,0
251063005,,GS,0,0
251063005,,M2,0,0
251063005,,WC,0,0
251063005,,SCN,0,0
251063005,,T3,0,0
251063005,,XX,0,0
251063005,,0075,0,0
251063007,,SZ,0,0
251063007,,T2,0,0
251063007,,6F,0,0
251063007,,M1,0,0
251063007,,H1,0,0
251063007,,GS,0,0
251063007,,M2,0,0
251063007,,WC,0,0
251063007,,SCN,0,0
251063007,,T3,0,0
251063007,,XX,0,0
251063007,,0076,0,0
251063008,,SZ,0,0
251063008,,T2,0,0
251063008,,6F,0,0
251063008,,M1,0,0
251063008,,H1,0,0
251063008,,GS,0,0
251063008,,M2,0,0
251063008,,WC,0,0
251063008,,SCN,0,0
251063008,,T3,0,0
251063008,,XX,0,0
251063008,,0077,0,0
251063364,,SZ,0,0
251063364,,T2,0,0
251063364,,6F,0,0
251063364,,M1,0,0
251063364,,H1,0,0
251063364,,GS,0,0
251063364,,M2,0,0
251063364,,WC,0,0
251063364,,SCN,0,0
251063364,,T3,0,0
251063364,,XX,0,0
251063364,,0078,0,0
251063370,,SZ,0,0
251063370,,T2,0,0
251063370,,6F,0,0
251063370,,M1,0,0
251063370,,H1,0,0
251063370,,GS,0,0
251063370,,M2,0,0
251063370,,WC,0,0
251063370,,SCN,0,0
251063370,,T3,0,0
251063370,,XX,0,0
251063370,,0079,0,0
251063373,,SZ,0,0
251063373,,T2,0,0
251063373,,6F,0,0
251063373,,M1,0,0
251063373,,H1,0,0
251063373,,GS,0,0
251063373,,M2,0,0
251063373,,WC,0,0
251063373,,SCN,0,0
251063373,,T3,0,0
251063373,,XX,0,0
251063373,,0080,0,0
251063399,,SZ,0,0
251063399,,T2,0,0
251063399,,6F,0,0
251063399,,M1,0,0
251063399,,H1,0,0
251063399,,GS,0,0
251063399,,M2,0,0
251063399,,WC,0,0
251063399,,SCN,0,0
251063399,,T3,0,0
251063399,,XX,0,0
251063399,,0081,0,0
251063400,,SZ,0,0
251063400,,T2,0,0
251063400,,6F,0,0
251063400,,M1,0,0
251063400,,H1,0,0
251063400,,GS,0,0
251063400,,M2,0,0
251063400,,WC,0,0
251063400,,SCN,0,0
251063400,,T3,0,0
251063400,,XX,0,0
251063400,,0082,0,0
251063404,,SZ,0,0
251063404,,T2,0,0
251063404,,6F,0,0
251063404,,M1,0,0
251063404,,H1,0,0
251063404,,GS,0,0
251063404,,M2,0,0
251063404,,WC,0,0
251063404,,SCN,0,0
251063404,,T3,0,0
251063404,,XX,0,0
251063404,,0083,0,0
251063405,,SZ,0,0
251063405,,T2,0,0
251063405,,6F,0,0
251063405,,M1,0,0
251063405,,H1,0,0
251063405,,GS,0,0
251063405,,WC,0,0
251063405,,SCN,0,0
251063405,,T3,0,0
251063405,,XX,0,0
251063405,,0084,0,0
251063406,,SZ,0,0
251063406,,T2,0,0
251063406,,6F,0,0
251063406,,M1,0,0
251063406,,H1,0,0
251063406,,GS,0,0
251063406,,M2,0,0
251063406,,WC,0,0
251063406,,SCN,0,0
251063406,,T3,0,0
251063406,,XX,0,0
251063406,,0085,0,0
251063421,,SZ,0,0
251063421,,T2,0,0
251063421,,6F,0,0
251063421,,M1,0,0
251063421,,H1,0,0
251063421,,GS,0,0
251063421,,M2,0,0
251063421,,WC,0,0
251063421,,SCN,0,0
251063421,,T3,0,0
251063421,,XX,0,0
251063421,,0086,0,0
251063436,,SZ,0,0
251063436,,T2,0,0
251063436,,6F,0,0
251063436,,M1,0,0
251063436,,H1,0,0
251063436,,GS,0,0
251063436,,M2,0,0
251063436,,WC,0,0
251063436,,SCN,0,0
251063436,,T3,0,0
251063436,,XX,0,0
251063436,,0087,0,0
251063437,,SZ,0,0
251063437,,T2,0,0
251063437,,6F,0,0
251063437,,M1,0,0
251063437,,H1,0,0
251063437,,GS,0,0
251063437,,M2,0,0
251063437,,WC,0,0
251063437,,SCN,0,0
251063437,,T3,0,0
251063437,,XX,0,0
251063437,,0088,0,0
251063439,,SZ,0,0
251063439,,T2,0,0
251063439,,6F,0,0
251063439,,M1,0,0
251063439,,H1,0,0
251063439,,GS,0,0
251063439,,M2,0,0
251063439,,WC,0,0
251063439,,SCN,0,0
251063439,,T3,0,0
251063439,,XX,0,0
251063439,,0089,0,0
251063454,,SZ,0,0
251063454,,T2,0,0
251063454,,6F,0,0
251063454,,M1,0,0
251063454,,H1,0,0
251063454,,GS,0,0
251063454,,M2,0,0
251063454,,WC,0,0
251063454,,SCN,0,0
251063454,,T3,0,0
251063454,,XX,0,0
251063454,,0090,0,0
251063470,,SZ,0,0
251063470,,T2,0,0
251063470,,6F,0,0
251063470,,M1,0,0
251063470,,H1,0,0
251063470,,GS,0,0
251063470,,M2,0,0
251063470,,WC,0,0
251063470,,SCN,0,0
251063470,,T3,0,0
251063470,,XX,0,0
251063470,,0091,0,0
250958362,,SZ,0,0
250958362,,T2,0,0
250958362,,6F,0,0
250958362,,M2,0,0
250958362,,H1,0,0
250958362,,GS,0,0
250958362,,T3,0,0
250958362,,XX,0,0
250958362,,0092,0,0
251062446,,SZ,0,0
251062446,,T2,0,0
251062446,,6F,0,0
251062446,,M1,0,0
251062446,,T3,0,0
251062446,,M2,0,0
251062446,,H1,0,0
251062446,,GS,0,0
251062446,,T3,0,0
251062446,,XX,0,0
251062446,,0093,0,0
251063257,,SZ,0,0
251063257,,T2,0,0
251063257,,6F,0,0
251063257,,M1,0,0
251063257,,H1,0,0
251063257,,GS,0,0
251063257,,T3,0,0
251063257,,XX,0,0
251063257,,0094,0,0
251063282,MODEL:5LJ L/V,SS,0,0
251063282,MODEL:5LJ L/V,T2,0,0
251063282,MODEL:5LJ L/V,M1,0,0
251063282,MODEL:5LJ L/V,H1,0,0
251063282,MODEL:5LJ L/V,GS,0,0
251063282,MODEL:5LJ L/V,T3,0,0
251063282,MODEL:5LJ L/V,XX,0,0
251063282,MODEL:5LJ L/V,0095,0,0
251063312,HR3 INSERT-A,SZ,0,0
251063312,HR3 INSERT-A,T2,0,0
251063312,HR3 INSERT-A,6F,0,0
251063312,HR3 INSERT-A,EDM,0,0
251063312,HR3 INSERT-A,M1,0,0
251063312,HR3 INSERT-A,T3,0,0
251063312,HR3 INSERT-A,M2,0,0
251063312,HR3 INSERT-A,H1,0,0
251063312,HR3 INSERT-A,T3,0,0
251063312,HR3 INSERT-A,XX,0,0
251063312,HR3 INSERT-A,0096,0,0
251063120,,SZ,0,0
251063120,,T2,0,0
251063120,,6F,0,0
251063120,,M2,0,0
251063120,,T3,0,0
251063120,,M2,0,0
251063120,,H1,0,0
251063120,,GS,0,0
251063120,,T3,0,0
251063120,,XX,0,0
251063120,,0097,0,0
251063253,,SZ,0,0
251063253,,T2,0,0
251063253,,6F,0,0
251063253,,M1,0,0
251063253,,T3,0,0
251063253,,M2,0,0
251063253,,H1,0,0
251063253,,T3,0,0
251063253,,XX,0,0
251063253,,0098,0,0
251063254,,SZ,0,0
251063254,,T2,0,0
251063254,,6F,0,0
251063254,,M1,0,0
251063254,,T3,0,0
251063254,,M2,0,0
251063254,,H1,0,0
251063254,,T3,0,0
251063254,,XX,0,0
251063254,,0099,0,0
251063255,6MA-0005,SZ,0,0
251063255,6MA-0005,T2,0,0
251063255,6MA-0005,6F,0,0
251063255,6MA-0005,M1,0,0
251063255,6MA-0005,T3,0,0
251063255,6MA-0005,M2,0,0
251063255,6MA-0005,H1,0,0
251063255,6MA-0005,T3,0,0
251063255,6MA-0005,XX,0,0
251063255,6MA-0005,0100,0,0
251063256,6MA-0006,SZ,0,0
251063256,6MA-0006,T2,0,0
251063256,6MA-0006,6F,0,0
251063256,6MA-0006,M1,0,0
251063256,6MA-0006,T3,0,0
251063256,6MA-0006,M2,0,0
251063256,6MA-0006,H1,0,0
251063256,6MA-0006,T3,0,0
251063256,6MA-0006,XX,0,0
251063256,6MA-0006,0101,0,0
251063518,MOVE CHILLVENT-0026,SS,0,0
251063518,MOVE CHILLVENT-0026,T2,0,0
251063518,MOVE CHILLVENT-0026,M2,0,0
251063518,MOVE CHILLVENT-0026,H1,0,0
251063518,MOVE CHILLVENT-0026,T3,0,0
251063518,MOVE CHILLVENT-0026,XX,0,0
251063518,MOVE CHILLVENT-0026,0102,0,0
251063519,FIX CAVITY-0003,SZ,0,0
251063519,FIX CAVITY-0003,T2,0,0
251063519,FIX CAVITY-0003,6F,0,0
251063519,FIX CAVITY-0003,M2,0,0
251063519,FIX CAVITY-0003,T3,0,0
251063519,FIX CAVITY-0003,M2,0,0
251063519,FIX CAVITY-0003,H1,0,0
251063519,FIX CAVITY-0003,T3,0,0
251063519,FIX CAVITY-0003,XX,0,0
251063519,FIX CAVITY-0003,0103,0,0
251063520,FIX CAVITY-0004,SZ,0,0
251063520,FIX CAVITY-0004,T2,0,0
251063520,FIX CAVITY-0004,6F,0,0
251063520,FIX CAVITY-0004,M2,0,0
251063520,FIX CAVITY-0004,T3,0,0
251063520,FIX CAVITY-0004,M2,0,0
251063520,FIX CAVITY-0004,H1,0,0
251063520,FIX CAVITY-0004,T3,0,0
251063520,FIX CAVITY-0004,XX,0,0
251063520,FIX CAVITY-0004,0104,0,0
251063522,MOVE CAVITY-0005,SZ,0,0
251063522,MOVE CAVITY-0005,T2,0,0
251063522,MOVE CAVITY-0005,6F,0,0
251063522,MOVE CAVITY-0005,M2,0,0
251063522,MOVE CAVITY-0005,T3,0,0
251063522,MOVE CAVITY-0005,M2,0,0
251063522,MOVE CAVITY-0005,H1,0,0
251063522,MOVE CAVITY-0005,T3,0,0
251063522,MOVE CAVITY-0005,XX,0,0
251063522,MOVE CAVITY-0005,0105,0,0
251063538,MOVE CAVITY-0006,SZ,0,0
251063538,MOVE CAVITY-0006,T2,0,0
251063538,MOVE CAVITY-0006,6F,0,0
251063538,MOVE CAVITY-0006,M2,0,0
251063538,MOVE CAVITY-0006,T3,0,0
251063538,MOVE CAVITY-0006,M2,0,0
251063538,MOVE CAVITY-0006,H1,0,0
251063538,MOVE CAVITY-0006,T3,0,0
251063538,MOVE CAVITY-0006,XX,0,0
251063538,MOVE CAVITY-0006,0106,0,0
251063621,FIX CAVITY-0003,SZ,0,0
251063621,FIX CAVITY-0003,T2,0,0
251063621,FIX CAVITY-0003,6F,0,0
251063621,FIX CAVITY-0003,M2,0,0
251063621,FIX CAVITY-0003,T3,0,0
251063621,FIX CAVITY-0003,M2,0,0
251063621,FIX CAVITY-0003,H1,0,0
251063621,FIX CAVITY-0003,T3,0,0
251063621,FIX CAVITY-0003,XX,0,0
251063621,FIX CAVITY-0003,0107,0,0
251063662,FIX CAVITY-0004,SZ,0,0
251063662,FIX CAVITY-0004,T2,0,0
251063662,FIX CAVITY-0004,6F,0,0
251063662,FIX CAVITY-0004,M2,0,0
251063662,FIX CAVITY-0004,T3,0,0
251063662,FIX CAVITY-0004,M2,0,0
251063662,FIX CAVITY-0004,H1,0,0
251063662,FIX CAVITY-0004,T3,0,0
251063662,FIX CAVITY-0004,XX,0,0
251063662,FIX CAVITY-0004,0108,0,0
251063688,FIX CHILLVENT 0025,SS,0,0
251063688,FIX CHILLVENT 0025,T2,0,0
251063688,FIX CHILLVENT 0025,M2,0,0
251063688,FIX CHILLVENT 0025,T3,0,0
251063688,FIX CHILLVENT 0025,XX,0,0
251063688,FIX CHILLVENT 0025,0109,0,0
251063738,MOVE CAVITY-0005,SZ,0,0
251063738,MOVE CAVITY-0005,T2,0,0
251063738,MOVE CAVITY-0005,6F,0,0
251063738,MOVE CAVITY-0005,M2,0,0
251063738,MOVE CAVITY-0005,T3,0,0
251063738,MOVE CAVITY-0005,M2,0,0
251063738,MOVE CAVITY-0005,H1,0,0
251063738,MOVE CAVITY-0005,T3,0,0
251063738,MOVE CAVITY-0005,XX,0,0
251063738,MOVE CAVITY-0005,0110,0,0
251063762,MOVE CAVITY-0006,SZ,0,0
251063762,MOVE CAVITY-0006,T2,0,0
251063762,MOVE CAVITY-0006,6F,0,0
251063762,MOVE CAVITY-0006,M2,0,0
251063762,MOVE CAVITY-0006,T3,0,0
251063762,MOVE CAVITY-0006,M2,0,0
251063762,MOVE CAVITY-0006,H1,0,0
251063762,MOVE CAVITY-0006,T3,0,0
251063762,MOVE CAVITY-0006,XX,0,0
251063762,MOVE CAVITY-0006,0111,0,0
,,0112,0,0
,,0113,0,0
,,0114,0,0
,,0115,0,0
,,0116,0,0
,,0117,0,0
,,0118,0,0
,,0119,0,0
,,0120,0,0
,,0121,0,0
,,0122,0,0
,,0123,0,0
,,0124,0,0
,,0125,0,0
,,0126,0,0
,,0127,0,0
,,0128,0,0
,,0129,0,0
,,0130,0,0
,,0131,0,0
,,0132,0,0
,,0133,0,0
,,0134,0,0
,,0135,0,0
,,0136,0,0
,,0137,0,0
,,0138,0,0
,,0139,0,0
,,0140,0,0
,,0141,0,0
,,0142,0,0
,,0143,0,0
,,0144,0,0
,,0145,0,0
,,0146,0,0
,,0147,0,0
,,0148,0,0
,,0149,0,0
,,0150,0,0
,,0151,0,0
,,0152,0,0
,,0153,0,0
,,0154,0,0
,,0155,0,0
,,0156,0,0
,,0157,0,0
,,0158,0,0
,,0159,0,0
,,0160,0,0
,,0161,0,0
,,0162,0,0
,,0163,0,0
,,0164,0,0
,,0165,0,0
,,0166,0,0
,,0167,0,0
,,0168,0,0
,,0169,0,0
,,0170,0,0
,,0171,0,0
,,0172,0,0
,,0173,0,0
,,0174,0,0
,,0175,0,0
,,0176,0,0
,,0177,0,0
,,0178,0,0
,,0179,0,0
,,0180,0,0
,,0181,0,0
,,0182,0,0
,,0183,0,0
,,0184,0,0
,,0185,0,0
,,0186,0,0
,,0187,0,0
,,0188,0,0
,,0189,0,0
,,0190,0,0
,,0191,0,0
,,0192,0,0
,,0193,0,0
,,0194,0,0
,,0195,0,0
,,0196,0,0
,,0197,0,0
,,0198,0,0
,,0199,0,0
,,0200,0,0
,,0201,0,0
,,0202,0,0
,,0203,0,0
,,0204,0,0
,,0205,0,0
,,0206,0,0
,,0207,0,0
,,0208,0,0
,,0209,0,0
,,0210,0,0
,,0211,0,0
,,0212,0,0
,,0213,0,0
,,0214,0,0
,,0215,0,0
,,0216,0,0
,,0217,0,0
,,0218,0,0
,,0219,0,0
,,0220,0,0
,,0221,0,0
,,0222,0,0
,,0223,0,0
,,0224,0,0
,,0225,0,0
,,0226,0,0
,,0227,0,0
,,0228,0,0
,,0229,0,0
,,0230,0,0
,,0231,0,0
,,0232,0,0
,,0233,0,0
,,0234,0,0
,,0235,0,0
,,0236,0,0
,,0237,0,0
,,0238,0,0
,,0239,0,0
,,0240,0,0
,,0241,0,0
,,0242,0,0
,,0243,0,0
,,0244,0,0
,,0245,0,0
,,0246,0,0
,,0247,0,0
,,0248,0,0
,,0249,0,0
,,0250,0,0
,,0251,0,0
,,0252,0,0
,,0253,0,0
,,0254,0,0
,,0255,0,0
,,0256,0,0
,,0257,0,0
,,0258,0,0
,,0259,0,0
,,0260,0,0
,,0261,0,0
,,0262,0,0
,,0263,0,0
,,0264,0,0
,,0265,0,0
,,0266,0,0
,,0267,0,0
,,0268,0,0
,,0269,0,0
,,0270,0,0
,,0271,0,0
,,0272,0,0
,,0273,0,0
,,0274,0,0
,,0275,0,0
,,0276,0,0
,,0277,0,0
,,0278,0,0
,,0279,0,0
,,0280,0,0
,,0281,0,0
,,0282,0,0
,,0283,0,0
,,0284,0,0
,,0285,0,0
,,0286,0,0
,,0287,0,0
,,0288,0,0
,,0289,0,0
,,0290,0,0
,,0291,0,0
,,0292,0,0
,,0293,0,0
,,0294,0,0
,,0295,0,0
,,0296,0,0
,,0297,0,0
,,0298,0,0
,,0299,0,0
,,0300,0,0
,,0301,0,0
,,0302,0,0
,,0303,0,0
,,0304,0,0
,,0305,0,0
,,0306,0,0
,,0307,0,0
,,0308,0,0
,,0309,0,0
,,0310,0,0
,,0311,0,0
,,0312,0,0
,,0313,0,0
,,0314,0,0
,,0315,0,0
,,0316,0,0
,,0317,0,0
,,0318,0,0
,,0319,0,0
,,0320,0,0
,,0321,0,0
,,0322,0,0
,,0323,0,0
,,0324,0,0
,,0325,0,0
,,0326,0,0
,,0327,0,0
,,0328,0,0
,,0329,0,0
,,0330,0,0
,,0331,0,0
,,0332,0,0
,,0333,0,0
,,0334,0,0
,,0335,0,0
,,0336,0,0
,,0337,0,0
,,0338,0,0
,,0339,0,0
,,0340,0,0
,,0341,0,0
,,0342,0,0
,,0343,0,0
,,0344,0,0
,,0345,0,0
,,0346,0,0
,,0347,0,0
,,0348,0,0
,,0349,0,0
,,0350,0,0
,,0351,0,0
,,0352,0,0
,,0353,0,0
,,0354,0,0
,,0355,0,0
,,0356,0,0
,,0357,0,0
,,0358,0,0
,,0359,0,0
,,0360,0,0
,,0361,0,0
,,0362,0,0
,,0363,0,0
,,0364,0,0
,,0365,0,0
,,0366,0,0
,,0367,0,0
,,0368,0,0
,,0369,0,0
,,0370,0,0
,,0371,0,0
,,0372,0,0
,,0373,0,0
,,0374,0,0
,,0375,0,0
,,0376,0,0
,,0377,0,0
,,0378,0,0
,,0379,0,0
,,0380,0,0
,,0381,0,0
,,0382,0,0
,,0383,0,0
,,0384,0,0
,,0385,0,0
,,0386,0,0
,,0387,0,0
,,0388,0,0
,,0389,0,0
,,0390,0,0
,,0391,0,0
,,0392,0,0
,,0393,0,0
,,0394,0,0
,,0395,0,0
,,0396,0,0
,,0397,0,0
,,0398,0,0
,,0399,0,0
,,0400,0,0
,,0401,0,0
,,0402,0,0
,,0403,0,0
,,0404,0,0
,,0405,0,0
,,0406,0,0
,,0407,0,0
,,0408,0,0
,,0409,0,0
,,0410,0,0
,,0411,0,0
,,0412,0,0
,,0413,0,0
